date,STLFSI4
1993-12-31,-0.2971
1994-01-07,-0.3722
1994-01-14,-0.1195
1994-01-21,-0.3495
1994-01-28,-0.2203
1994-02-04,-0.5191
1994-02-11,-0.31
1994-02-18,-0.3023
1994-02-25,-0.2672
1994-03-04,-0.2031
1994-03-11,-0.2276
1994-03-18,-0.1495
1994-03-25,-0.2315
1994-04-01,-0.1043
1994-04-08,-0.0845
1994-04-15,-0.0309
1994-04-22,-0.1722
1994-04-29,-0.0953
1994-05-06,-0.3766
1994-05-13,-0.1475
1994-05-20,-0.0665
1994-05-27,-0.1938
1994-06-03,-0.0546
1994-06-10,0.0276
1994-06-17,-0.1923
1994-06-24,-0.0942
1994-07-01,-0.1537
1994-07-08,-0.0047
1994-07-15,-0.1026
1994-07-22,-0.0813
1994-07-29,-0.2165
1994-08-05,-0.1364
1994-08-12,-0.3072
1994-08-19,-0.3472
1994-08-26,-0.3181
1994-09-02,-0.2057
1994-09-09,-0.2918
1994-09-16,-0.2892
1994-09-23,-0.3316
1994-09-30,-0.2135
1994-10-07,-0.2291
1994-10-14,-0.0106
1994-10-21,-0.1669
1994-10-28,-0.2087
1994-11-04,-0.1723
1994-11-11,-0.2462
1994-11-18,-0.4074
1994-11-25,-0.1981
1994-12-02,-0.1996
1994-12-09,-0.1945
1994-12-16,-0.219
1994-12-23,-0.1642
1994-12-30,-0.0323
1995-01-06,-0.2734
1995-01-13,-0.0342
1995-01-20,-0.3593
1995-01-27,-0.345
1995-02-03,-0.3657
1995-02-10,-0.4454
1995-02-17,-0.2151
1995-02-24,-0.2503
1995-03-03,-0.198
1995-03-10,-0.1162
1995-03-17,-0.2335
1995-03-24,-0.3552
1995-03-31,-0.4563
1995-04-07,-0.3217
1995-04-14,-0.2821
1995-04-21,-0.2403
1995-04-28,-0.43
1995-05-05,-0.2921
1995-05-12,-0.1779
1995-05-19,-0.365
1995-05-26,-0.3272
1995-06-02,-0.0901
1995-06-09,-0.206
1995-06-16,-0.1623
1995-06-23,-0.1623
1995-06-30,-0.2687
1995-07-07,-0.2591
1995-07-14,-0.1338
1995-07-21,-0.4267
1995-07-28,-0.282
1995-08-04,-0.2418
1995-08-11,-0.2626
1995-08-18,-0.3706
1995-08-25,-0.2222
1995-09-01,-0.1569
1995-09-08,-0.2455
1995-09-15,-0.3395
1995-09-22,-0.2863
1995-09-29,-0.4037
1995-10-06,-0.072
1995-10-13,-0.2253
1995-10-20,-0.1986
1995-10-27,-0.1393
1995-11-03,-0.2025
1995-11-10,-0.3238
1995-11-17,-0.3286
1995-11-24,-0.4616
1995-12-01,-0.3134
1995-12-08,-0.3899
1995-12-15,-0.409
1995-12-22,-0.2975
1995-12-29,-0.0673
1996-01-05,-0.4528
1996-01-12,-0.1969
1996-01-19,-0.22
1996-01-26,-0.3911
1996-02-02,-0.3668
1996-02-09,-0.2697
1996-02-16,-0.2596
1996-02-23,-0.4359
1996-03-01,-0.4045
1996-03-08,-0.0436
1996-03-15,-0.2368
1996-03-22,-0.1523
1996-03-29,-0.1098
1996-04-05,-0.1391
1996-04-12,-0.0856
1996-04-19,0.0031
1996-04-26,-0.2046
1996-05-03,-0.1953
1996-05-10,-0.1182
1996-05-17,-0.1891
1996-05-24,-0.246
1996-05-31,-0.2893
1996-06-07,-0.2306
1996-06-14,-0.1893
1996-06-21,-0.2056
1996-06-28,-0.0496
1996-07-05,-0.4103
1996-07-12,0.022
1996-07-19,-0.0011
1996-07-26,-0.0896
1996-08-02,-0.2
1996-08-09,0.1006
1996-08-16,-0.2626
1996-08-23,-0.29
1996-08-30,-0.3355
1996-09-06,-0.1798
1996-09-13,-0.1542
1996-09-20,-0.1853
1996-09-27,-0.0828
1996-10-04,-0.0954
1996-10-11,-0.0784
1996-10-18,-0.1462
1996-10-25,-0.195
1996-11-01,-0.0806
1996-11-08,-0.248
1996-11-15,-0.2347
1996-11-22,-0.3145
1996-11-29,-0.2895
1996-12-06,-0.1409
1996-12-13,-0.0458
1996-12-20,-0.1713
1996-12-27,-0.102
1997-01-03,-0.3506
1997-01-10,-0.1004
1997-01-17,-0.3121
1997-01-24,-0.3496
1997-01-31,-0.2488
1997-02-07,-0.2345
1997-02-14,-0.3133
1997-02-21,-0.3737
1997-02-28,-0.3876
1997-03-07,-0.22
1997-03-14,-0.3047
1997-03-21,-0.2883
1997-03-28,-0.3875
1997-04-04,-0.1039
1997-04-11,-0.1096
1997-04-18,-0.2542
1997-04-25,-0.2438
1997-05-02,-0.2923
1997-05-09,-0.2238
1997-05-16,-0.2066
1997-05-23,-0.2766
1997-05-30,-0.2364
1997-06-06,-0.1289
1997-06-13,-0.296
1997-06-20,-0.2313
1997-06-27,-0.1039
1997-07-04,-0.3909
1997-07-11,-0.1426
1997-07-18,-0.3005
1997-07-25,-0.3197
1997-08-01,-0.4296
1997-08-08,-0.3297
1997-08-15,-0.2538
1997-08-22,-0.2353
1997-08-29,-0.2456
1997-09-05,-0.1953
1997-09-12,-0.1641
1997-09-19,-0.1813
1997-09-26,-0.1431
1997-10-03,-0.1828
1997-10-10,-0.2198
1997-10-17,-0.225
1997-10-24,-0.16
1997-10-31,0.6353
1997-11-07,-0.0682
1997-11-14,0.3315
1997-11-21,-0.1712
1997-11-28,-0.1275
1997-12-05,-0.3229
1997-12-12,-0.0452
1997-12-19,-0.0988
1997-12-26,0.1074
1998-01-02,-0.4777
1998-01-09,0.2452
1998-01-16,-0.0684
1998-01-23,-0.2382
1998-01-30,-0.2326
1998-02-06,-0.296
1998-02-13,-0.3416
1998-02-20,-0.3368
1998-02-27,-0.4692
1998-03-06,-0.3187
1998-03-13,-0.2579
1998-03-20,-0.4173
1998-03-27,-0.3381
1998-04-03,-0.1956
1998-04-10,-0.2141
1998-04-17,-0.3026
1998-04-24,-0.2131
1998-05-01,-0.1058
1998-05-08,-0.1307
1998-05-15,-0.3639
1998-05-22,-0.2619
1998-05-29,-0.1699
1998-06-05,-0.2127
1998-06-12,-0.2047
1998-06-19,-0.1206
1998-06-26,-0.1913
1998-07-03,-0.4271
1998-07-10,-0.161
1998-07-17,-0.4517
1998-07-24,-0.1798
1998-07-31,-0.1145
1998-08-07,0.1365
1998-08-14,0.287
1998-08-21,0.2153
1998-08-28,0.8664
1998-09-04,1.1742
1998-09-11,0.8361
1998-09-18,0.5664
1998-09-25,0.6345
1998-10-02,0.9964
1998-10-09,1.8805
1998-10-16,1.1165
1998-10-23,0.8821
1998-10-30,0.7505
1998-11-06,0.4479
1998-11-13,0.6172
1998-11-20,0.3298
1998-11-27,-0.0387
1998-12-04,0.5273
1998-12-11,0.4561
1998-12-18,0.516
1998-12-25,0.1784
1999-01-01,0.3653
1999-01-08,0.1114
1999-01-15,0.5265
1999-01-22,0.4846
1999-01-29,0.2549
1999-02-05,0.1684
1999-02-12,0.2395
1999-02-19,0.0854
1999-02-26,0.0541
1999-03-05,0.0857
1999-03-12,0.0792
1999-03-19,0.0666
1999-03-26,0.1421
1999-04-02,0.0632
1999-04-09,0.1147
1999-04-16,-0.0075
1999-04-23,0.061
1999-04-30,-0.0875
1999-05-07,0.0072
1999-05-14,0.0518
1999-05-21,0.1984
1999-05-28,0.2944
1999-06-04,0.1128
1999-06-11,0.114
1999-06-18,0.1413
1999-06-25,0.0453
1999-07-02,0.0651
1999-07-09,0.0999
1999-07-16,0.198
1999-07-23,0.2199
1999-07-30,0.2447
1999-08-06,0.3983
1999-08-13,0.2778
1999-08-20,0.194
1999-08-27,0.1008
1999-09-03,0.2247
1999-09-10,0.3024
1999-09-17,0.3224
1999-09-24,0.374
1999-10-01,0.295
1999-10-08,0.4237
1999-10-15,0.5345
1999-10-22,0.4096
1999-10-29,0.1703
1999-11-05,0.3082
1999-11-12,0.1748
1999-11-19,-0.0415
1999-11-26,0.0413
1999-12-03,0.1544
1999-12-10,0.1998
1999-12-17,0.0876
1999-12-24,0.046
1999-12-31,0.2604
2000-01-07,-0.0146
2000-01-14,-0.049
2000-01-21,0.0024
2000-01-28,0.0571
2000-02-04,-0.0699
2000-02-11,0.089
2000-02-18,0.1494
2000-02-25,0.2493
2000-03-03,-0.0197
2000-03-10,0.0465
2000-03-17,-0.0029
2000-03-24,-0.1486
2000-03-31,0.2157
2000-04-07,0.4319
2000-04-14,0.4569
2000-04-21,0.4217
2000-04-28,0.2924
2000-05-05,0.4629
2000-05-12,0.4848
2000-05-19,0.2366
2000-05-26,0.5677
2000-06-02,0.4449
2000-06-09,0.3984
2000-06-16,0.3783
2000-06-23,0.4223
2000-06-30,0.3547
2000-07-07,0.2736
2000-07-14,0.1396
2000-07-21,0.0618
2000-07-28,0.1154
2000-08-04,0.1239
2000-08-11,-0.0256
2000-08-18,-0.0067
2000-08-25,0.0125
2000-09-01,-0.0712
2000-09-08,0.0585
2000-09-15,0.0841
2000-09-22,0.2526
2000-09-29,0.1202
2000-10-06,0.1784
2000-10-13,0.6632
2000-10-20,0.4725
2000-10-27,0.3068
2000-11-03,0.1177
2000-11-10,0.3031
2000-11-17,0.3921
2000-11-24,0.5369
2000-12-01,0.5779
2000-12-08,0.6171
2000-12-15,0.4458
2000-12-22,0.8926
2000-12-29,0.6916
2001-01-05,0.9058
2001-01-12,0.4893
2001-01-19,0.2855
2001-01-26,0.2582
2001-02-02,0.3937
2001-02-09,0.369
2001-02-16,0.2831
2001-02-23,0.6501
2001-03-02,0.5352
2001-03-09,0.4033
2001-03-16,0.7797
2001-03-23,1.0493
2001-03-30,0.5312
2001-04-06,1.0266
2001-04-13,0.7275
2001-04-20,0.6267
2001-04-27,0.7568
2001-05-04,0.301
2001-05-11,0.4078
2001-05-18,0.428
2001-05-25,0.3574
2001-06-01,0.4048
2001-06-08,0.3698
2001-06-15,0.4531
2001-06-22,0.4949
2001-06-29,0.3064
2001-07-06,0.2779
2001-07-13,0.5466
2001-07-20,0.4353
2001-07-27,0.3176
2001-08-03,0.244
2001-08-10,0.2575
2001-08-17,0.3677
2001-08-24,0.4684
2001-08-31,0.3895
2001-09-07,0.5026
2001-09-14,1.4645
2001-09-21,1.994
2001-09-28,0.7334
2001-10-05,1.1166
2001-10-12,0.8604
2001-10-19,0.7569
2001-10-26,0.7366
2001-11-02,1.0342
2001-11-09,0.8312
2001-11-16,0.3922
2001-11-23,0.5159
2001-11-30,0.6803
2001-12-07,0.7756
2001-12-14,0.7754
2001-12-21,0.749
2001-12-28,0.5874
2002-01-04,0.5445
2002-01-11,0.5264
2002-01-18,0.5821
2002-01-25,0.3573
2002-02-01,0.5026
2002-02-08,0.66
2002-02-15,0.3647
2002-02-22,0.5413
2002-03-01,0.3791
2002-03-08,0.1942
2002-03-15,0.1636
2002-03-22,0.2819
2002-03-29,0.337
2002-04-05,0.4316
2002-04-12,0.3929
2002-04-19,0.2886
2002-04-26,0.3707
2002-05-03,0.2582
2002-05-10,0.3524
2002-05-17,0.1568
2002-05-24,0.3561
2002-05-31,0.3356
2002-06-07,0.5185
2002-06-14,0.6142
2002-06-21,0.64
2002-06-28,0.9797
2002-07-05,0.77
2002-07-12,0.9018
2002-07-19,1.0285
2002-07-26,1.4975
2002-08-02,0.9174
2002-08-09,1.2893
2002-08-16,1.0428
2002-08-23,0.8421
2002-08-30,0.8313
2002-09-06,1.313
2002-09-13,0.9934
2002-09-20,1.2864
2002-09-27,1.4247
2002-10-04,1.2383
2002-10-11,1.5377
2002-10-18,0.7649
2002-10-25,0.9843
2002-11-01,1.1922
2002-11-08,1.0511
2002-11-15,0.9879
2002-11-22,0.5142
2002-11-29,0.6724
2002-12-06,0.8498
2002-12-13,0.8627
2002-12-20,0.6567
2002-12-27,0.8892
2003-01-03,0.9084
2003-01-10,0.46
2003-01-17,0.6419
2003-01-24,0.9228
2003-01-31,0.907
2003-02-07,0.9331
2003-02-14,0.8883
2003-02-21,0.6624
2003-02-28,0.6525
2003-03-07,0.7144
2003-03-14,0.7788
2003-03-21,0.4555
2003-03-28,0.6376
2003-04-04,0.5372
2003-04-11,0.4273
2003-04-18,0.2483
2003-04-25,0.235
2003-05-02,0.1915
2003-05-09,0.2297
2003-05-16,0.3313
2003-05-23,0.5669
2003-05-30,0.3899
2003-06-06,0.3153
2003-06-13,0.3621
2003-06-20,0.2215
2003-06-27,0.4346
2003-07-04,0.3629
2003-07-11,0.2372
2003-07-18,0.1005
2003-07-25,0.1256
2003-08-01,0.2819
2003-08-08,0.536
2003-08-15,0.1474
2003-08-22,0.1533
2003-08-29,0.0586
2003-09-05,0.0908
2003-09-12,0.18
2003-09-19,-0.101
2003-09-26,0.011
2003-10-03,0.1049
2003-10-10,-0.1784
2003-10-17,-0.3526
2003-10-24,-0.1103
2003-10-31,-0.2478
2003-11-07,-0.3136
2003-11-14,-0.2149
2003-11-21,-0.0891
2003-11-28,-0.3638
2003-12-05,-0.279
2003-12-12,-0.2541
2003-12-19,-0.2599
2003-12-26,-0.2424
2004-01-02,-0.2849
2004-01-09,-0.3767
2004-01-16,-0.3669
2004-01-23,-0.465
2004-01-30,-0.3911
2004-02-06,-0.3805
2004-02-13,-0.4586
2004-02-20,-0.4896
2004-02-27,-0.5142
2004-03-05,-0.6707
2004-03-12,-0.3235
2004-03-19,-0.3579
2004-03-26,-0.3172
2004-04-02,-0.6614
2004-04-09,-0.5853
2004-04-16,-0.4711
2004-04-23,-0.4496
2004-04-30,-0.4066
2004-05-07,-0.407
2004-05-14,-0.3061
2004-05-21,-0.4664
2004-05-28,-0.5917
2004-06-04,-0.5598
2004-06-11,-0.7469
2004-06-18,-0.5239
2004-06-25,-0.5488
2004-07-02,-0.5168
2004-07-09,-0.4118
2004-07-16,-0.5643
2004-07-23,-0.5522
2004-07-30,-0.5382
2004-08-06,-0.3352
2004-08-13,-0.4974
2004-08-20,-0.5151
2004-08-27,-0.6378
2004-09-03,-0.5584
2004-09-10,-0.665
2004-09-17,-0.6216
2004-09-24,-0.6469
2004-10-01,-0.6226
2004-10-08,-0.6074
2004-10-15,-0.4566
2004-10-22,-0.5041
2004-10-29,-0.6746
2004-11-05,-0.8092
2004-11-12,-0.8408
2004-11-19,-0.7746
2004-11-26,-0.8355
2004-12-03,-0.7154
2004-12-10,-0.7201
2004-12-17,-0.9107
2004-12-24,-0.8426
2004-12-31,-0.8394
2005-01-07,-0.7359
2005-01-14,-0.709
2005-01-21,-0.722
2005-01-28,-0.7913
2005-02-04,-0.8901
2005-02-11,-0.8546
2005-02-18,-0.9501
2005-02-25,-0.9605
2005-03-04,-0.9352
2005-03-11,-0.9515
2005-03-18,-0.7876
2005-03-25,-0.7338
2005-04-01,-0.7145
2005-04-08,-0.7344
2005-04-15,-0.6869
2005-04-22,-0.6172
2005-04-29,-0.7579
2005-05-06,-0.7678
2005-05-13,-0.611
2005-05-20,-0.5209
2005-05-27,-0.8038
2005-06-03,-0.7109
2005-06-10,-0.6977
2005-06-17,-0.7882
2005-06-24,-0.6851
2005-07-01,-0.7972
2005-07-08,-0.7315
2005-07-15,-0.8988
2005-07-22,-0.8453
2005-07-29,-0.9352
2005-08-05,-0.917
2005-08-12,-0.8868
2005-08-19,-0.8176
2005-08-26,-0.8223
2005-09-02,-0.6531
2005-09-09,-0.8361
2005-09-16,-0.8433
2005-09-23,-0.7876
2005-09-30,-0.8469
2005-10-07,-0.7101
2005-10-14,-0.5754
2005-10-21,-0.8351
2005-10-28,-0.8693
2005-11-04,-0.9051
2005-11-11,-0.8393
2005-11-18,-0.7329
2005-11-25,-0.7822
2005-12-02,-0.7193
2005-12-09,-0.7118
2005-12-16,-0.7334
2005-12-23,-0.698
2005-12-30,-0.6584
2006-01-06,-0.8499
2006-01-13,-0.9955
2006-01-20,-0.8332
2006-01-27,-0.997
2006-02-03,-1.0562
2006-02-10,-0.9328
2006-02-17,-1.0314
2006-02-24,-1.1167
2006-03-03,-1.0758
2006-03-10,-0.9625
2006-03-17,-1.0207
2006-03-24,-1.0575
2006-03-31,-1.0444
2006-04-07,-1.0206
2006-04-14,-0.9516
2006-04-21,-1.0405
2006-04-28,-1.0979
2006-05-05,-1.1044
2006-05-12,-1.1135
2006-05-19,-0.8858
2006-05-26,-0.7937
2006-06-02,-0.9224
2006-06-09,-0.8039
2006-06-16,-0.7322
2006-06-23,-0.8023
2006-06-30,-0.8579
2006-07-07,-0.9888
2006-07-14,-0.7908
2006-07-21,-0.785
2006-07-28,-0.936
2006-08-04,-0.8981
2006-08-11,-0.9243
2006-08-18,-1.0288
2006-08-25,-0.9842
2006-09-01,-0.9498
2006-09-08,-0.9112
2006-09-15,-0.9438
2006-09-22,-0.8327
2006-09-29,-0.8068
2006-10-06,-0.8469
2006-10-13,-1.0203
2006-10-20,-0.9696
2006-10-27,-1.0073
2006-11-03,-0.8955
2006-11-10,-1.0071
2006-11-17,-1.0006
2006-11-24,-0.9289
2006-12-01,-0.8027
2006-12-08,-0.9174
2006-12-15,-0.9877
2006-12-22,-0.9326
2006-12-29,-0.9656
2007-01-05,-0.8842
2007-01-12,-0.9896
2007-01-19,-1.0939
2007-01-26,-1.1293
2007-02-02,-1.0901
2007-02-09,-1.0957
2007-02-16,-1.1086
2007-02-23,-1.1328
2007-03-02,-0.6971
2007-03-09,-0.7901
2007-03-16,-0.8471
2007-03-23,-1.0151
2007-03-30,-0.9518
2007-04-06,-0.9533
2007-04-13,-1.024
2007-04-20,-1.0381
2007-04-27,-1.0108
2007-05-04,-0.9157
2007-05-11,-0.9663
2007-05-18,-0.93
2007-05-25,-0.9725
2007-06-01,-0.9226
2007-06-08,-0.7995
2007-06-15,-0.7202
2007-06-22,-0.6903
2007-06-29,-0.563
2007-07-06,-0.78
2007-07-13,-0.6929
2007-07-20,-0.6866
2007-07-27,-0.1508
2007-08-03,-0.0153
2007-08-10,0.1366
2007-08-17,1.2142
2007-08-24,1.2814
2007-08-31,0.9963
2007-09-07,1.4717
2007-09-14,1.5693
2007-09-21,0.711
2007-09-28,0.6982
2007-10-05,0.6245
2007-10-12,0.3574
2007-10-19,0.7227
2007-10-26,0.7866
2007-11-02,0.4678
2007-11-09,1.1391
2007-11-16,1.1597
2007-11-23,1.9123
2007-11-30,2.0638
2007-12-07,1.9498
2007-12-14,1.9223
2007-12-21,1.7738
2007-12-28,1.3177
2008-01-04,1.6021
2008-01-11,1.2876
2008-01-18,0.9628
2008-01-25,1.6123
2008-02-01,0.9643
2008-02-08,1.4982
2008-02-15,1.2885
2008-02-22,1.1422
2008-02-29,1.4239
2008-03-07,2.4439
2008-03-14,2.0245
2008-03-21,2.3579
2008-03-28,1.6732
2008-04-04,1.7227
2008-04-11,1.8758
2008-04-18,1.906
2008-04-25,1.6935
2008-05-02,1.366
2008-05-09,1.2485
2008-05-16,1.0207
2008-05-23,0.9334
2008-05-30,0.9683
2008-06-06,1.3085
2008-06-13,1.2342
2008-06-20,1.2729
2008-06-27,1.7346
2008-07-04,1.8303
2008-07-11,1.7837
2008-07-18,1.7557
2008-07-25,1.1928
2008-08-01,1.6513
2008-08-08,1.54
2008-08-15,1.5221
2008-08-22,1.7699
2008-08-29,1.5458
2008-09-05,1.8139
2008-09-12,1.9711
2008-09-19,4.1183
2008-09-26,4.567
2008-10-03,7.242
2008-10-10,9.6196
2008-10-17,9.5682
2008-10-24,8.0632
2008-10-31,7.7459
2008-11-07,6.202
2008-11-14,5.9856
2008-11-21,7.6768
2008-11-28,6.8397
2008-12-05,6.9262
2008-12-12,6.5376
2008-12-19,5.9449
2008-12-26,4.7773
2009-01-02,4.9119
2009-01-09,3.7224
2009-01-16,3.7979
2009-01-23,4.313
2009-01-30,4.0274
2009-02-06,3.5718
2009-02-13,3.5797
2009-02-20,4.1606
2009-02-27,4.1535
2009-03-06,4.7654
2009-03-13,3.9282
2009-03-20,3.3261
2009-03-27,3.2007
2009-04-03,3.0151
2009-04-10,2.7943
2009-04-17,2.572
2009-04-24,2.8262
2009-05-01,2.3225
2009-05-08,1.5639
2009-05-15,2.0316
2009-05-22,1.568
2009-05-29,1.3596
2009-06-05,1.2017
2009-06-12,1.0037
2009-06-19,1.5769
2009-06-26,1.6349
2009-07-03,1.1962
2009-07-10,1.4531
2009-07-17,0.9971
2009-07-24,0.7684
2009-07-31,0.5103
2009-08-07,0.1567
2009-08-14,0.7816
2009-08-21,0.9518
2009-08-28,0.5297
2009-09-04,0.6929
2009-09-11,0.3493
2009-09-18,0.0265
2009-09-25,0.1632
2009-10-02,0.4084
2009-10-09,0.2745
2009-10-16,0.1293
2009-10-23,0.1852
2009-10-30,0.4116
2009-11-06,0.3802
2009-11-13,0.0233
2009-11-20,0.1459
2009-11-27,0.146
2009-12-04,0.0519
2009-12-11,-0.0089
2009-12-18,-0.1586
2009-12-25,-0.2493
2010-01-01,-0.2261
2010-01-08,-0.4084
2010-01-15,-0.3687
2010-01-22,-0.0944
2010-01-29,0.0411
2010-02-05,-0.067
2010-02-12,0.0993
2010-02-19,-0.2276
2010-02-26,-0.2419
2010-03-05,-0.2818
2010-03-12,-0.5732
2010-03-19,-0.4455
2010-03-26,-0.4097
2010-04-02,-0.3671
2010-04-09,-0.4816
2010-04-16,-0.4648
2010-04-23,-0.4314
2010-04-30,-0.2061
2010-05-07,0.3993
2010-05-14,0.3373
2010-05-21,0.9614
2010-05-28,1.0066
2010-06-04,0.803
2010-06-11,0.954
2010-06-18,0.4891
2010-06-25,0.5705
2010-07-02,0.9233
2010-07-09,0.5475
2010-07-16,0.3415
2010-07-23,0.4881
2010-07-30,0.1588
2010-08-06,0.186
2010-08-13,0.4004
2010-08-20,0.4221
2010-08-27,0.444
2010-09-03,0.2617
2010-09-10,0.0448
2010-09-17,-0.0072
2010-09-24,0.0715
2010-10-01,0.0942
2010-10-08,-0.0075
2010-10-15,-0.2099
2010-10-22,-0.0831
2010-10-29,-0.2389
2010-11-05,-0.1496
2010-11-12,-0.2526
2010-11-19,-0.0003
2010-11-26,0.0141
2010-12-03,-0.0271
2010-12-10,-0.296
2010-12-17,-0.2097
2010-12-24,-0.2584
2010-12-31,-0.2551
2011-01-07,-0.337
2011-01-14,-0.3205
2011-01-21,-0.3336
2011-01-28,-0.2792
2011-02-04,-0.3944
2011-02-11,-0.4688
2011-02-18,-0.3226
2011-02-25,-0.106
2011-03-04,-0.2476
2011-03-11,-0.2512
2011-03-18,0.0668
2011-03-25,-0.341
2011-04-01,-0.3576
2011-04-08,-0.4319
2011-04-15,-0.3945
2011-04-22,-0.4164
2011-04-29,-0.5318
2011-05-06,-0.3495
2011-05-13,-0.3666
2011-05-20,-0.3294
2011-05-27,-0.2921
2011-06-03,-0.2201
2011-06-10,-0.1533
2011-06-17,-0.1455
2011-06-24,-0.1309
2011-07-01,-0.404
2011-07-08,-0.3716
2011-07-15,-0.03
2011-07-22,-0.3029
2011-07-29,-0.2797
2011-08-05,0.3253
2011-08-12,1.3004
2011-08-19,0.515
2011-08-26,0.8543
2011-09-02,0.4989
2011-09-09,0.891
2011-09-16,0.7583
2011-09-23,1.0863
2011-09-30,1.129
2011-10-07,1.3621
2011-10-14,0.4614
2011-10-21,0.6543
2011-10-28,0.2982
2011-11-04,0.8436
2011-11-11,0.7714
2011-11-18,1.0131
2011-11-25,1.2217
2011-12-02,0.6707
2011-12-09,0.6177
2011-12-16,0.8838
2011-12-23,0.6375
2011-12-30,0.6425
2012-01-06,0.5265
2012-01-13,0.5525
2012-01-20,0.4176
2012-01-27,0.3097
2012-02-03,0.2776
2012-02-10,0.0838
2012-02-17,0.1883
2012-02-24,0.0544
2012-03-02,0.0335
2012-03-09,0.1564
2012-03-16,-0.2107
2012-03-23,-0.0884
2012-03-30,0.0088
2012-04-06,0.0551
2012-04-13,0.2677
2012-04-20,0.0247
2012-04-27,-0.0176
2012-05-04,-0.074
2012-05-11,0.0931
2012-05-18,0.4362
2012-05-25,0.3492
2012-06-01,0.44
2012-06-08,0.4164
2012-06-15,0.2025
2012-06-22,0.0399
2012-06-29,0.1081
2012-07-06,0.0201
2012-07-13,0.1173
2012-07-20,-0.0392
2012-07-27,0.096
2012-08-03,-0.1433
2012-08-10,-0.1824
2012-08-17,-0.1147
2012-08-24,-0.1704
2012-08-31,-0.0832
2012-09-07,-0.2089
2012-09-14,-0.4827
2012-09-21,-0.5341
2012-09-28,-0.2285
2012-10-05,-0.4422
2012-10-12,-0.4751
2012-10-19,-0.6111
2012-10-26,-0.3568
2012-11-02,-0.3448
2012-11-09,-0.32
2012-11-16,-0.2076
2012-11-23,-0.542
2012-11-30,-0.4886
2012-12-07,-0.5313
2012-12-14,-0.5886
2012-12-21,-0.5723
2012-12-28,-0.3784
2013-01-04,-0.6376
2013-01-11,-0.6257
2013-01-18,-0.6427
2013-01-25,-0.674
2013-02-01,-0.5761
2013-02-08,-0.5398
2013-02-15,-0.6752
2013-02-22,-0.6318
2013-03-01,-0.5214
2013-03-08,-0.7575
2013-03-15,-0.7929
2013-03-22,-0.5844
2013-03-29,-0.6356
2013-04-05,-0.5639
2013-04-12,-0.7326
2013-04-19,-0.5005
2013-04-26,-0.6946
2013-05-03,-0.6742
2013-05-10,-0.7731
2013-05-17,-0.6203
2013-05-24,-0.5404
2013-05-31,-0.3747
2013-06-07,-0.0987
2013-06-14,-0.1585
2013-06-21,-0.1299
2013-06-28,0.0619
2013-07-05,-0.1626
2013-07-12,-0.3186
2013-07-19,-0.5248
2013-07-26,-0.5
2013-08-02,-0.3734
2013-08-09,-0.4197
2013-08-16,-0.3815
2013-08-23,-0.2042
2013-08-30,-0.1828
2013-09-06,-0.261
2013-09-13,-0.339
2013-09-20,-0.4619
2013-09-27,-0.3572
2013-10-04,-0.2713
2013-10-11,-0.4043
2013-10-18,-0.5687
2013-10-25,-0.5902
2013-11-01,-0.5393
2013-11-08,-0.5206
2013-11-15,-0.5756
2013-11-22,-0.6547
2013-11-29,-0.5879
2013-12-06,-0.4647
2013-12-13,-0.5142
2013-12-20,-0.5771
2013-12-27,-0.6869
2014-01-03,-0.5704
2014-01-10,-0.6495
2014-01-17,-0.6545
2014-01-24,-0.539
2014-01-31,-0.3487
2014-02-07,-0.3733
2014-02-14,-0.7055
2014-02-21,-0.5903
2014-02-28,-0.6712
2014-03-07,-0.6412
2014-03-14,-0.576
2014-03-21,-0.6234
2014-03-28,-0.6461
2014-04-04,-0.6345
2014-04-11,-0.5368
2014-04-18,-0.6276
2014-04-25,-0.7333
2014-05-02,-0.6743
2014-05-09,-0.6785
2014-05-16,-0.7116
2014-05-23,-0.7176
2014-05-30,-0.7808
2014-06-06,-0.7888
2014-06-13,-0.811
2014-06-20,-0.8215
2014-06-27,-0.8129
2014-07-04,-0.7822
2014-07-11,-0.7328
2014-07-18,-0.6767
2014-07-25,-0.7032
2014-08-01,-0.5757
2014-08-08,-0.4083
2014-08-15,-0.6804
2014-08-22,-0.7379
2014-08-29,-0.6771
2014-09-05,-0.621
2014-09-12,-0.5263
2014-09-19,-0.5335
2014-09-26,-0.3703
2014-10-03,-0.3245
2014-10-10,-0.3066
2014-10-17,0.1382
2014-10-24,-0.4596
2014-10-31,-0.4839
2014-11-07,-0.4494
2014-11-14,-0.4395
2014-11-21,-0.3156
2014-11-28,-0.4172
2014-12-05,-0.2968
2014-12-12,-0.0223
2014-12-19,0.0718
2014-12-26,-0.4926
2015-01-02,-0.1198
2015-01-09,0.1333
2015-01-16,0.1367
2015-01-23,-0.0292
2015-01-30,-0.0058
2015-02-06,-0.1823
2015-02-13,-0.2696
2015-02-20,-0.2542
2015-02-27,-0.2367
2015-03-06,-0.2754
2015-03-13,-0.1219
2015-03-20,-0.1489
2015-03-27,-0.2131
2015-04-03,-0.1963
2015-04-10,-0.3707
2015-04-17,-0.3607
2015-04-24,-0.4061
2015-05-01,-0.3858
2015-05-08,-0.3287
2015-05-15,-0.3022
2015-05-22,-0.3018
2015-05-29,-0.2001
2015-06-05,-0.2011
2015-06-12,-0.2153
2015-06-19,-0.1711
2015-06-26,-0.3233
2015-07-03,0.0613
2015-07-10,-0.0229
2015-07-17,-0.3477
2015-07-24,-0.193
2015-07-31,-0.1027
2015-08-07,-0.1507
2015-08-14,-0.0577
2015-08-21,0.1655
2015-08-28,0.6597
2015-09-04,0.2763
2015-09-11,0.1699
2015-09-18,0.1848
2015-09-25,0.4115
2015-10-02,0.6829
2015-10-09,0.066
2015-10-16,0.1423
2015-10-23,0.0205
2015-10-30,-0.0159
2015-11-06,-0.0901
2015-11-13,0.1218
2015-11-20,0.093
2015-11-27,0.0385
2015-12-04,0.1172
2015-12-11,0.4482
2015-12-18,0.5279
2015-12-25,0.369
2016-01-01,0.3072
2016-01-08,0.6894
2016-01-15,0.8562
2016-01-22,0.9703
2016-01-29,0.5278
2016-02-05,0.7023
2016-02-12,1.2379
2016-02-19,0.562
2016-02-26,0.5411
2016-03-04,0.2263
2016-03-11,0.2623
2016-03-18,0.1498
2016-03-25,0.1528
2016-04-01,0.3695
2016-04-08,0.3271
2016-04-15,0.0832
2016-04-22,-0.0305
2016-04-29,0.0601
2016-05-06,0.2594
2016-05-13,0.1701
2016-05-20,0.0679
2016-05-27,-0.0115
2016-06-03,0.1169
2016-06-10,0.1442
2016-06-17,0.5561
2016-06-24,0.2475
2016-07-01,0.5706
2016-07-08,0.1968
2016-07-15,-0.1075
2016-07-22,0.0852
2016-07-29,0.2275
2016-08-05,0.3483
2016-08-12,0.2041
2016-08-19,0.1853
2016-08-26,0.2621
2016-09-02,0.275
2016-09-09,0.2867
2016-09-16,0.4927
2016-09-23,0.323
2016-09-30,0.3028
2016-10-07,0.0835
2016-10-14,0.2174
2016-10-21,0.1742
2016-10-28,0.1001
2016-11-04,0.4857
2016-11-11,-0.0172
2016-11-18,-0.0403
2016-11-25,-0.1223
2016-12-02,-0.013
2016-12-09,-0.262
2016-12-16,-0.16
2016-12-23,-0.1056
2016-12-30,-0.0621
2017-01-06,-0.1046
2017-01-13,-0.1153
2017-01-20,-0.0929
2017-01-27,-0.2061
2017-02-03,-0.1422
2017-02-10,-0.1817
2017-02-17,-0.3043
2017-02-24,-0.2299
2017-03-03,-0.3992
2017-03-10,-0.4142
2017-03-17,-0.3732
2017-03-24,-0.2479
2017-03-31,-0.4172
2017-04-07,-0.3894
2017-04-14,-0.263
2017-04-21,-0.2614
2017-04-28,-0.5882
2017-05-05,-0.5099
2017-05-12,-0.6164
2017-05-19,-0.4815
2017-05-26,-0.6631
2017-06-02,-0.6313
2017-06-09,-0.7199
2017-06-16,-0.7165
2017-06-23,-0.4877
2017-06-30,-0.5666
2017-07-07,-0.5986
2017-07-14,-0.5746
2017-07-21,-0.6949
2017-07-28,-0.7274
2017-08-04,-0.6298
2017-08-11,-0.4693
2017-08-18,-0.4474
2017-08-25,-0.4703
2017-09-01,-0.5181
2017-09-08,-0.4336
2017-09-15,-0.6782
2017-09-22,-0.7191
2017-09-29,-0.6697
2017-10-06,-0.7142
2017-10-13,-0.6776
2017-10-20,-0.7454
2017-10-27,-0.7491
2017-11-03,-0.7122
2017-11-10,-0.6835
2017-11-17,-0.6792
2017-11-24,-0.8338
2017-12-01,-0.7889
2017-12-08,-0.7188
2017-12-15,-0.6555
2017-12-22,-0.6161
2017-12-29,-0.5151
2018-01-05,-0.6333
2018-01-12,-0.7131
2018-01-19,-0.6546
2018-01-26,-0.6657
2018-02-02,-0.5107
2018-02-09,0.0896
2018-02-16,-0.2701
2018-02-23,-0.3485
2018-03-02,-0.0809
2018-03-09,-0.1047
2018-03-16,-0.0336
2018-03-23,0.2458
2018-03-30,0.3277
2018-04-06,0.3261
2018-04-13,0.1273
2018-04-20,-0.0729
2018-04-27,-0.0367
2018-05-04,-0.0031
2018-05-11,-0.2455
2018-05-18,-0.3052
2018-05-25,-0.2393
2018-06-01,0.0509
2018-06-08,-0.3979
2018-06-15,-0.3485
2018-06-22,-0.2818
2018-06-29,-0.0708
2018-07-06,-0.1991
2018-07-13,-0.4273
2018-07-20,-0.4636
2018-07-27,-0.5465
2018-08-03,-0.4536
2018-08-10,-0.5595
2018-08-17,-0.454
2018-08-24,-0.6364
2018-08-31,-0.6802
2018-09-07,-0.6069
2018-09-14,-0.7205
2018-09-21,-0.8194
2018-09-28,-0.7566
2018-10-05,-0.7922
2018-10-12,-0.4503
2018-10-19,-0.5126
2018-10-26,-0.2194
2018-11-02,-0.233
2018-11-09,-0.4775
2018-11-16,-0.0335
2018-11-23,0.0455
2018-11-30,-0.1524
2018-12-07,0.1952
2018-12-14,0.2543
2018-12-21,0.5308
2018-12-28,0.6581
2019-01-04,0.3026
2019-01-11,-0.186
2019-01-18,-0.1543
2019-01-25,-0.1318
2019-02-01,-0.1521
2019-02-08,-0.2971
2019-02-15,-0.3625
2019-02-22,-0.528
2019-03-01,-0.588
2019-03-08,-0.4712
2019-03-15,-0.5755
2019-03-22,-0.5864
2019-03-29,-0.3273
2019-04-05,-0.6764
2019-04-12,-0.6598
2019-04-19,-0.7774
2019-04-26,-0.6391
2019-05-03,-0.6782
2019-05-10,-0.3865
2019-05-17,-0.3623
2019-05-24,-0.4826
2019-05-31,-0.1928
2019-06-07,-0.2146
2019-06-14,-0.4377
2019-06-21,-0.3504
2019-06-28,-0.3452
2019-07-05,-0.5322
2019-07-12,-0.4571
2019-07-19,-0.369
2019-07-26,-0.4968
2019-08-02,-0.2726
2019-08-09,0.2343
2019-08-16,0.1871
2019-08-23,-0.0998
2019-08-30,-0.0603
2019-09-06,-0.105
2019-09-13,-0.3526
2019-09-20,-0.1591
2019-09-27,0.0924
2019-10-04,0.3546
2019-10-11,0.1289
2019-10-18,-0.1422
2019-10-25,-0.1395
2019-11-01,-0.0755
2019-11-08,-0.1067
2019-11-15,-0.1143
2019-11-22,-0.0634
2019-11-29,-0.2001
2019-12-06,-0.103
2019-12-13,-0.2779
2019-12-20,-0.3754
2019-12-27,-0.1912
2020-01-03,-0.2378
2020-01-10,-0.3636
2020-01-17,-0.531
2020-01-24,-0.4204
2020-01-31,-0.1342
2020-02-07,-0.472
2020-02-14,-0.5795
2020-02-21,-0.4564
2020-02-28,0.6497
2020-03-06,1.3161
2020-03-13,3.4771
2020-03-20,5.6299
2020-03-27,5.3429
2020-04-03,3.1397
2020-04-10,2.5997
2020-04-17,1.867
2020-04-24,2.3895
2020-05-01,1.2327
2020-05-08,0.9345
2020-05-15,0.9068
2020-05-22,0.4221
2020-05-29,0.1947
2020-06-05,-0.0963
2020-06-12,0.2657
2020-06-19,0.4701
2020-06-26,0.4962
2020-07-03,0.409
2020-07-10,0.1098
2020-07-17,0.0636
2020-07-24,-0.2266
2020-07-31,-0.0772
2020-08-07,-0.2058
2020-08-14,-0.2661
2020-08-21,-0.0681
2020-08-28,-0.2687
2020-09-04,-0.1199
2020-09-11,0.0513
2020-09-18,-0.1323
2020-09-25,0.25
2020-10-02,-0.0761
2020-10-09,-0.2364
2020-10-16,-0.0916
2020-10-23,0.0094
2020-10-30,0.384
2020-11-06,-0.076
2020-11-13,-0.4799
2020-11-20,-0.1627
2020-11-27,-0.3978
2020-12-04,-0.444
2020-12-11,-0.4201
2020-12-18,-0.3774
2020-12-25,-0.4181
2021-01-01,-0.4742
2021-01-08,-0.484
2021-01-15,-0.5275
2021-01-22,-0.5142
2021-01-29,-0.2679
2021-02-05,-0.5749
2021-02-12,-0.7604
2021-02-19,-0.6515
2021-02-26,-0.4444
2021-03-05,-0.4067
2021-03-12,-0.4983
2021-03-19,-0.5444
2021-03-26,-0.6247
2021-04-02,-0.716
2021-04-09,-0.8153
2021-04-16,-0.7677
2021-04-23,-0.7178
2021-04-30,-0.8044
2021-05-07,-0.8053
2021-05-14,-0.7465
2021-05-21,-0.7133
2021-05-28,-0.8118
2021-06-04,-0.8475
2021-06-11,-0.7941
2021-06-18,-0.7734
2021-06-25,-0.8031
2021-07-02,-0.8436
2021-07-09,-0.7127
2021-07-16,-0.8012
2021-07-23,-0.5705
2021-07-30,-0.765
2021-08-06,-0.6771
2021-08-13,-0.8601
2021-08-20,-0.6206
2021-08-27,-0.7673
2021-09-03,-0.7609
2021-09-10,-0.7114
2021-09-17,-0.6794
2021-09-24,-0.5454
2021-10-01,-0.6305
2021-10-08,-0.6383
2021-10-15,-0.731
2021-10-22,-0.9041
2021-10-29,-0.8122
2021-11-05,-0.6836
2021-11-12,-0.7891
2021-11-19,-0.6885
2021-11-26,-0.4902
2021-12-03,-0.1751
2021-12-10,-0.7079
2021-12-17,-0.5023
2021-12-24,-0.5837
2021-12-31,-0.7716
2022-01-07,-0.702
2022-01-14,-0.6638
2022-01-21,-0.3876
2022-01-28,-0.2076
2022-02-04,-0.5176
2022-02-11,-0.5898
2022-02-18,-0.1697
2022-02-25,-0.0131
2022-03-04,0.2849
2022-03-11,0.1435
2022-03-18,-0.3124
2022-03-25,-0.6148
2022-04-01,-0.481
2022-04-08,-0.375
2022-04-15,-0.2854
2022-04-22,-0.3915
2022-04-29,0.1712
2022-05-06,0.2014
2022-05-13,0.547
2022-05-20,0.2936
2022-05-27,0.2694
2022-06-03,-0.1707
2022-06-10,-0.0568
2022-06-17,0.0202
2022-06-24,0.3607
2022-07-01,0.5957
2022-07-08,0.4107
2022-07-15,0.0544
2022-07-22,-0.2813
2022-07-29,-0.202
2022-08-05,-0.4899
2022-08-12,-0.4094
2022-08-19,-0.3744
2022-08-26,-0.2111
2022-09-02,-0.1431
2022-09-09,-0.3166
2022-09-16,-0.4455
2022-09-23,0.1233
2022-09-30,0.5103
2022-10-07,0.1533
2022-10-14,0.2788
2022-10-21,-0.1543
2022-10-28,-0.3002
2022-11-04,-0.3938
2022-11-11,-0.3283
2022-11-18,-0.2337
2022-11-25,-0.2347
2022-12-02,-0.1239
2022-12-09,0.1138
2022-12-16,0.0006
2022-12-23,0.0203
2022-12-30,-0.0439
2023-01-06,-0.1713
2023-01-13,-0.4271
2023-01-20,-0.3938
2023-01-27,-0.5132
2023-02-03,-0.5544
2023-02-10,-0.6132
2023-02-17,-0.472
2023-02-24,-0.2344
2023-03-03,-0.4506
2023-03-10,-0.094
2023-03-17,1.0904
2023-03-24,0.2597
2023-03-31,-0.2769
2023-04-07,-0.1018
2023-04-14,-0.4868
2023-04-21,-0.6591
2023-04-28,-0.2958
2023-05-05,-0.3337
2023-05-12,-0.5127
2023-05-19,-0.4465
2023-05-26,-0.3242
2023-06-02,-0.4714
2023-06-09,-0.6968
2023-06-16,-0.6118
2023-06-23,-0.5883
2023-06-30,-0.6965
2023-07-07,-0.7491
2023-07-14,-0.6942
2023-07-21,-0.7382
2023-07-28,-0.7591
2023-08-04,-0.7168
2023-08-11,-0.6595
2023-08-18,-0.6206
2023-08-25,-0.6807
2023-09-01,-0.6936
2023-09-08,-0.7146
2023-09-15,-0.7125
2023-09-22,-0.7174
2023-09-29,-0.4981
2023-10-06,-0.4273
2023-10-13,-0.5412
2023-10-20,-0.327
2023-10-27,-0.3491
2023-11-03,-0.6079
2023-11-10,-0.7324
2023-11-17,-0.6236
2023-11-24,-0.7343
2023-12-01,-0.5342
2023-12-08,-0.5015
2023-12-15,-0.6095
2023-12-22,-0.4369
2023-12-29,-0.4172
2024-01-05,-0.5547
2024-01-12,-0.7081
2024-01-19,-0.8051
2024-01-26,-0.831
2024-02-02,-0.7561
2024-02-09,-0.5976
2024-02-16,-0.6427
2024-02-23,-0.6719
2024-03-01,-0.7903
2024-03-08,-0.7916
2024-03-15,-0.9218
2024-03-22,-0.9398
2024-03-29,-0.9325
2024-04-05,-0.8425
2024-04-12,-0.7935
2024-04-19,-0.4158
2024-04-26,-0.8401
2024-05-03,-0.8297
2024-05-10,-0.922
2024-05-17,-0.9092
2024-05-24,-0.9588
2024-05-31,-0.8486
2024-06-07,-0.8426
2024-06-14,-0.8682
2024-06-21,-0.829
2024-06-28,-0.8333
2024-07-05,-0.8254
2024-07-12,-0.8304
2024-07-19,-0.6618
2024-07-26,-0.6198
2024-08-02,-0.3395
2024-08-09,-0.1643
2024-08-16,-0.7363
2024-08-23,-0.646
2024-08-30,-0.6474
2024-09-06,-0.3912
2024-09-13,-0.3158
2024-09-20,-0.4404
2024-09-27,-0.2679
2024-10-04,-0.6086
2024-10-11,-0.5866
2024-10-18,-0.5332
2024-10-25,-0.3827
2024-11-01,-0.2942
2024-11-08,-0.5635
2024-11-15,-0.7976
2024-11-22,-0.6108
2024-11-29,-0.618
2024-12-06,-0.5285
2024-12-13,-0.5781
2024-12-20,-0.4972
2024-12-27,-0.6233
2025-01-03,-0.622
2025-01-10,-0.8014
2025-01-17,-0.8274
2025-01-24,-0.9757
2025-01-31,-0.7642
2025-02-07,-0.7852
2025-02-14,-0.8292
2025-02-21,-0.7612
2025-02-28,-0.4577
2025-03-07,-0.356
2025-03-14,-0.2156
2025-03-21,-0.6449
2025-03-28,-0.6237
2025-04-04,0.0953
2025-04-11,0.5803
2025-04-18,-0.2045
2025-04-25,-0.2696
2025-05-02,-0.3459
2025-05-09,-0.4686
2025-05-16,-0.8959
2025-05-23,-0.5011
2025-05-30,-0.5391
2025-06-06,-0.8071
2025-06-13,-0.7844
2025-06-20,-0.6536
2025-06-27,-0.7058
2025-07-04,-0.8793
2025-07-11,-0.7499
2025-07-18,-0.7155
2025-07-25,-0.8
2025-08-01,-0.6812
2025-08-08,-0.5718
2025-08-15,-0.8184
2025-08-22,-0.7531
2025-08-29,-0.6073
2025-09-05,-0.4242
2025-09-12,-0.5681
2025-09-19,-0.5936
2025-09-26,-0.537
2025-10-03,-0.4966
2025-10-10,-0.4856
2025-10-17,-0.3695
2025-10-24,-0.5096
2025-10-31,-0.4591
2025-11-07,-0.3097
2025-11-14,-0.5064
